time,open,high,low,close,volume
09:15,307.55,320.35,290,291.05,245
09:16,286.6,287.75,275,275.4,256
09:17,276.45,286.5,276.45,285.7,154
09:18,285.3,285.3,278,278,143
09:19,278.25,284.75,275.05,284.65,141
09:20,285.4,286,275.15,276,132
09:21,276.3,279.4,271.4,272.65,121
09:22,273.1,275.95,270.45,275.95,85
09:23,275.95,282.05,275.2,282.05,80
09:24,282,291.5,282,289.4,110
09:25,290.8,298,290.45,291.85,227
09:26,292.85,301.05,292.85,300.95,95
09:27,301.85,308.75,298.65,298.65,121
09:28,299.05,301.4,293.8,299.05,175
09:29,299.85,304.85,295.15,301.8,150
09:30,303.4,316,302,316,231
09:31,312.35,319,307.5,318,166
09:32,319.75,327.3,315.6,316.5,271
09:33,317.25,322.4,315,322.4,104
09:34,323.5,334.55,322.1,333.7,162
09:35,334.35,338.4,332.35,337.3,176
09:36,337.5,337.5,333.65,335.05,43
09:37,332.55,332.55,325,325,78
09:38,326.2,326.2,313,313,100
09:39,312.5,312.8,303.6,303.6,86
09:40,305.25,308.1,295.4,296,94
09:41,296.5,302.2,293.15,298.35,152
09:42,298.35,303,293.55,293.55,44
09:43,292,295.2,291.15,294.5,70
09:44,292.55,292.55,285.6,286.05,99
09:45,286,292.9,284,292.05,105
09:46,291.55,297,291.55,292.55,69
09:47,292.4,293,288,291.25,34
09:48,288.55,288.55,285,286.3,29
09:49,287.8,295.3,286,295.3,13
09:50,294.85,298.2,292.6,292.65,55
09:51,293.2,301.3,292.9,301.3,41
09:52,299.3,303.1,297.15,299.55,73
09:53,296.3,298.35,294,297.1,9
09:54,297.45,303.1,294,300.7,24
09:55,300.45,300.45,295.95,297.4,13
09:56,301.7,306.65,301.7,305.35,85
09:57,302.25,305,297.75,301.5,50
09:58,298,298.85,290.75,290.9,62
09:59,292.45,298.75,292.2,298.75,7
10:00,294.9,300,292.45,292.75,21
10:01,290.1,295.55,285.75,293,64
10:02,299,300.1,299,299.25,11
10:03,297.3,304.15,297.3,302.2,46
10:04,304.35,313.15,302.85,313,106
10:05,313.35,315.65,305.1,308.65,54
10:06,308.7,308.7,304.15,304.6,44
10:07,302.7,302.75,291.5,293.3,73
10:08,293.6,296.9,293,293,66
10:09,300,300,299.45,300,11
10:10,303.2,310,303.2,308.95,59
10:11,306.25,312.1,305.6,310.9,22
10:12,310.6,310.75,304.45,304.5,30
10:13,303.4,303.4,300.1,300.1,10
10:14,299.2,310,299.05,310,23
10:15,309.6,318.25,308,316.7,169
10:16,312.45,317,312.1,313.55,21
10:17,313.75,315.2,310.8,311.9,74
10:18,312.5,313.4,310.1,313.4,22
10:19,314.1,315.6,308.45,309.3,115
10:20,311.25,311.25,307.95,309.5,14
10:21,313.4,316,311.15,315.2,46
10:22,314.15,314.15,288.45,294.55,311
10:23,292.05,297.2,289.3,289.3,34
10:24,290.4,291.4,281.85,281.85,47
10:25,281,285,278.45,278.45,78
10:26,278,280.4,271.05,271.1,132
10:27,272.4,274,270.75,270.8,86
10:28,272.3,277.8,270.95,275.65,64
10:29,274.65,277.05,274.65,276.65,34
10:30,277.8,277.8,275.7,277.2,13
10:31,278.5,283,278.2,280.9,88
10:32,282,284.1,274.45,276.25,67
10:33,276.9,277.05,274.15,275.3,28
10:34,273.65,280,273.4,280,30
10:35,282.65,283.4,279.4,279.4,41
10:36,281.15,281.2,277.8,280,27
10:37,281.3,284.9,281.25,284,122
10:38,285,287.8,284.4,286.6,64
10:39,284,286.7,281.4,282.1,54
10:40,281.6,281.6,277.4,281.5,32
10:41,282.35,284.2,280,280,12
10:42,281.55,281.55,274.6,278,45
10:43,278.75,279,275,277.8,55
10:44,276.05,276.05,270.5,271.7,62
10:45,271.7,275.8,271,275.8,32
10:46,275,283,273.85,283,70
10:47,285,285.6,283.25,284.7,72
10:48,284.7,290.9,284.7,289.5,79
10:49,288.55,288.6,285.5,288.05,50
10:50,288.15,297.95,287.55,294.45,66
10:51,295.6,305.3,294.65,304.1,79
10:52,303.8,310.3,298.65,310,102
10:53,310,313.55,309.6,312.25,51
10:54,310,317.95,309.85,309.95,110
10:55,313.65,313.65,304.4,305.85,89
10:56,304.5,307,303,307,53
10:57,305.7,313,305.45,306.8,48
10:58,303.2,304.45,300,304.45,34
10:59,303.9,305.7,303,303,17
11:00,304.45,310,303.75,307.1,27
11:01,307.1,307.1,298.9,298.9,27
11:02,298.25,298.25,291.05,292.8,82
11:03,292.75,298.95,292.75,297.65,14
11:04,294.45,294.45,285.4,287,37
11:05,287.75,293.3,284.6,293.3,40
11:06,292.9,301.45,292.9,297.7,13
11:07,297.95,298.35,290,290,11
11:08,291,292.15,288.3,291.2,50
11:09,290.4,292.9,287.8,287.8,20
11:10,290.55,293,287.4,287.45,20
11:11,289.1,290.7,289.1,290.65,6
11:12,290.1,293.5,290.1,291,38
11:13,296,297.95,294.35,295.75,68
11:14,295,300,295,297.3,38
11:15,298.15,298.6,297.45,297.65,7
11:16,298.7,298.7,290.65,291.3,28
11:17,295,297.25,291,291,17
11:18,291.45,293.55,291.45,292.15,6
11:19,295.75,296,292,292,10
11:20,296.1,298,296.1,297.3,30
11:21,293.1,294.8,291.9,294.8,10
11:22,293.2,298.85,293.2,298.85,38
11:23,298.95,298.95,295.45,295.45,11
11:24,296.25,302.15,296.25,302.15,108
11:25,301.7,303.4,300,300,53
11:26,300.2,301.6,299.9,301.6,16
11:27,300.8,302.65,297.6,299.35,28
11:28,299.9,305,299.9,305,13
11:29,306,311.5,305.25,305.45,80
11:30,307.15,310,304.3,310,62
11:31,309.65,309.75,303.85,307.35,52
11:32,307.8,321,307.8,318.4,144
11:33,316.9,339.6,316.85,339,256
11:34,337.2,340,326.7,332.05,102
11:35,331,332.1,321.15,328,82
11:36,323.25,323.25,320,320,89
11:37,318.65,322.8,314.85,316.1,26
11:38,318.05,323.35,317.4,323.35,43
11:39,321.3,321.65,320,321.65,12
11:40,322,322,320.6,320.6,2
11:41,321.55,323.65,320.45,322,33
11:42,322,324.25,322,324.25,5
11:43,324.9,329.7,324.9,327.35,56
11:44,328.85,331.7,326.85,331.7,55
11:45,332,335,330.4,335,36
11:46,334.15,334.15,330.45,332.25,27
11:47,332.1,332.8,325.25,327.95,11
11:48,325,327.65,325,327.25,18
11:49,329.9,333.5,329.9,333.5,12
11:50,332.25,338.45,332.25,336.4,26
11:51,339,342,336.75,340.05,96
11:52,340.45,346.4,338.4,344.45,80
11:53,342.9,347,342.1,345.2,77
11:54,343,353.6,341.3,352.7,113
11:55,353.05,353.05,342.35,345,68
11:56,345,352,341.3,352,35
11:57,353,355.45,345.1,345.55,67
11:58,341.7,343.5,334.9,342,41
11:59,341.55,345.9,339,345.9,44
12:00,346,347.05,342.9,342.9,17
12:01,343.95,343.95,338.15,340,17
12:02,340.2,342.35,339.65,339.65,33
12:03,342,346.3,340,345,29
12:04,345.6,347.25,345.25,345.3,19
12:05,345.3,347.3,341.95,347.3,22
12:06,347.35,348.5,346.1,348.1,23
12:07,346,347.25,345.75,345.75,10
12:08,347.2,347.4,343.15,344.35,38
12:09,345.2,345.2,336.6,339.15,71
12:10,339.1,342,338.8,342,14
12:11,342,344.9,342,344.9,7
12:12,347,362,347,359.65,129
12:13,356.5,357.65,349.55,353.3,21
12:14,353.3,360,353.3,356.25,29
12:15,357.6,359.25,354.7,356.05,41
12:16,356.35,365,356.35,362.3,34
12:17,357.6,364.9,357.25,363.85,55
12:18,363.05,368,362.15,366.55,37
12:19,364.95,372,364.5,371.8,63
12:20,370.55,372.3,361.1,363.65,60
12:21,363.05,370,363.05,364.55,25
12:22,367.4,368.3,363.2,367.85,54
12:23,367.65,368.05,364.95,366,20
12:24,364.55,365.1,362,364.45,29
12:25,364.9,364.9,361.55,363.1,76
12:26,363.25,368,362.7,365.7,46
12:27,368.2,368.2,361.5,362.5,8
12:28,364.25,364.9,364.25,364.9,3
12:29,366.45,376.35,366.45,373.6,49
12:30,374.75,377,373.65,373.75,8
12:31,370,385,370,385,72
12:32,386.25,400,386.25,399.1,91
12:33,399.1,410,396.5,396.85,129
12:34,395.45,400.9,395.45,398.35,40
12:35,401.5,402.55,394.5,394.5,57
12:36,393.25,397.3,393,395.35,35
12:37,398.05,402.4,396.25,399.2,77
12:38,399.55,406,399.55,404.7,45
12:39,403.05,407.7,403.05,404.9,31
12:40,407.55,408,403.15,408,29
12:41,406.55,415.55,406.4,411.55,51
12:42,407.25,408.3,401.6,401.6,22
12:43,403.85,404.85,400.9,404.85,39
12:44,403.95,403.95,401.5,401.5,8
12:45,399.15,399.15,384.6,384.6,49
12:46,382.05,388.85,382.05,388.85,37
12:47,393.6,399.65,393,399.65,32
12:48,397.35,399.45,390,391.45,18
12:49,394.05,396.05,393.45,396.05,11
12:50,396.55,402,396.55,401.85,35
12:51,401.8,403.35,392.1,392.1,32
12:52,393.1,396,393.1,396,2
12:53,398.9,398.9,398.75,398.75,4
12:54,398,398,398,398,1
12:55,392.85,392.85,386.35,389.2,12
12:56,390.8,391.1,384.05,384.05,27
12:57,387.4,387.4,387.4,387.4,1
12:58,385.5,385.5,380.75,380.75,24
12:59,383.1,386.55,382.6,386,10
13:00,382,382.05,378,381.2,14
13:01,380.05,387.9,380.05,387.05,234
13:02,390,397.55,390,397.55,37
13:03,392.75,392.75,385.2,385.2,8
13:05,385.2,390,385.2,390,14
13:06,390.75,390.75,388.35,388.35,4
13:07,385,385.8,383.95,385.3,8
13:08,385.05,385.05,385.05,385.05,1
13:09,381,381,368.05,369.2,36
13:10,370,379,370,379,16
13:11,375.8,377.5,375.8,376.75,10
13:12,376.85,383.65,376.85,379.5,13
13:13,383.85,383.85,383.85,383.85,1
13:14,379.5,379.5,379.5,379.5,1
13:15,387.4,392.9,386.55,392.9,22
13:16,392,393.5,388.85,388.85,19
13:17,389.45,389.45,384.9,384.9,80
13:18,390.35,394.5,390.35,394.5,2
13:19,394,398.85,394,395,13
13:21,390,390,389.35,389.35,35
13:22,385.65,393,385.65,393,4
13:23,394,396,394,394.6,10
13:24,394.6,394.6,394.6,394.6,3
13:26,395,395,390.5,390.5,3
13:27,388.75,388.8,380,380,8
13:28,381.1,382.75,380.2,380.2,11
13:29,380.35,384,380.35,380.95,7
13:30,383.6,384.05,378.45,379.9,4
13:31,385,385,380.1,380.1,3
13:32,378.6,378.6,367.15,371,21
13:33,369.8,380,367.65,379.45,24
13:34,380.55,389,380.55,389,14
13:35,390,394.75,385.35,385.35,11
13:36,377.6,377.6,376.7,376.7,3
13:37,375,379.55,375,378.15,13
13:38,380,383,380,383,15
13:39,384,385,383.5,385,8
13:40,382.5,384,382.5,384,5
13:41,384.3,384.3,384.3,384.3,1
13:42,380.8,382,380.8,382,2
13:43,378,398,377,398,41
13:44,398.55,402,393.65,393.8,58
13:45,398,398.45,397.75,397.75,5
13:46,393.05,393.4,389.1,389.2,18
13:47,390.4,394,390.4,390.95,7
13:48,388.55,390,385.5,390,15
13:49,391,398,391,397.5,18
13:50,397.5,406.65,395.45,405.4,32
13:51,406.85,408,395.75,397.65,319
13:52,393.7,399,392.75,397.6,35
13:53,397.15,397.35,395,396.75,17
13:54,397,397.35,390.85,390.85,55
13:55,385,385,382,383.5,34
13:56,385,392,384.8,391,23
13:57,392,393,387.55,390,12
13:58,390.35,392.7,387.85,387.85,20
13:59,394,397,392.5,392.5,18
14:00,390,390,375.9,375.9,33
14:01,378.75,384.25,377,384.25,24
14:02,385,388.1,385,388.1,7
14:03,380,383,379.1,383,6
14:04,381,386,381,386,12
14:05,379.35,382,379.35,382,5
14:06,383,383,383,383,1
14:07,381.15,383,378.55,379,42
14:08,380,381,376.25,376.5,18
14:09,379,385,379,385,34
14:10,384.45,389,384.45,387.9,38
14:11,380.9,382,380.9,381.35,9
14:12,383,385.1,379.75,382.15,39
14:13,382.15,382.15,378.35,378.35,14
14:14,379,381,378.65,381,13
14:15,380.8,389,380.8,387.85,39
14:16,387,389,385.45,389,25
14:17,386.7,388,384.75,388,37
14:18,384.8,385,384,384.65,17
14:19,381.75,383,375,376.1,19
14:20,377.05,382,376.25,376.25,20
14:21,373.25,379,368.4,379,25
14:22,380,380,378,378.5,11
14:23,379,386,378,385.4,18
14:24,387,395,387,392.55,28
14:25,394.8,397,391.85,391.85,16
14:26,390.05,390.15,389.05,389.05,10
14:27,392,392,386.6,387.05,18
14:28,393,393,392.75,392.75,2
14:30,392,399.55,392,396.9,35
14:31,400,403,389.75,390.75,40
14:32,385.6,385.6,374.1,374.3,31
14:33,374.5,376,370,376,109
14:34,377,377,373,374,21
14:35,375,379.95,374.6,374.7,21
14:36,371.65,380,371.65,380,37
14:37,381,384,378.2,381.05,13
14:38,382.4,387,381,387,14
14:39,386,394,386,389.8,72
14:40,388.4,388.4,386.45,387.2,16
14:41,387,387,385,385.6,38
14:42,383.8,385.1,380,380,16
14:43,380.85,380.85,375,376.35,11
14:44,373.05,375,370,375,13
14:45,374.25,377,373.15,373.15,20
14:46,374.95,376.1,373,375.15,18
14:47,376,377,371.25,371.25,7
14:48,372,381,372,381,88
14:49,382,382,374.8,375,6
14:50,375.4,393,375.4,393,39
14:51,389.75,390,384.3,384.3,29
14:52,382,386,381.45,384.6,45
14:53,387,394.05,387,394.05,16
14:54,390.7,395,390.7,392.05,25
14:55,393,395,388.55,392.6,70
14:56,395,395,388.6,389.65,33
14:57,392,398,390.1,398,26
14:58,395,410,395,403.05,147
14:59,400,406.65,400,403.55,49
15:00,401.6,414,346.85,360,165
15:01,368.15,379.75,368.15,377.6,15
15:02,380.3,387,378.35,378.35,33
15:03,378,390,378,386.95,8
15:04,385.3,388.55,383.95,388.55,8
15:05,395,397.1,391.5,394.45,30
15:06,393.25,393.25,384.35,384.35,59
15:07,385.5,389.2,381.1,381.1,13
15:08,380.75,384.55,376.7,376.8,21
15:09,374,380,372.25,380,22
15:10,380.05,400.3,380.05,392.5,133
15:11,392.4,395,390.1,390.1,39
15:12,390.6,393,390.6,393,11
15:13,390.1,391.85,388.3,390.85,16
15:14,390.1,392,385.1,385.1,29
15:15,387.85,393,386.35,392.3,63
15:16,388.85,388.85,380.05,381,264
15:17,381.45,383.95,378.05,380,127
15:18,379.9,383.55,378.85,383.55,58
15:19,381.3,381.65,374.25,374.25,46
15:20,373.55,377.3,372.3,375.75,53
15:21,374.65,380.25,372.45,380.05,70
15:22,381.55,385.25,381.55,382.3,33
15:23,381.1,381.1,377.2,379.75,42
15:24,376.65,378.15,374.45,374.9,69
15:25,376.9,380,370.15,373.35,212
15:26,373.1,373.95,370.8,372.85,62
15:27,371.2,371.95,367.7,371.95,82
15:28,371.85,372.8,368.75,368.75,42
15:29,371.4,385.5,368.9,373.95,709
09:15,350,359.3,340,355.4,214
09:16,357.25,378.5,355,375.7,248
09:17,375.3,375.3,362.6,374.35,49
09:18,371.1,381.1,368.45,377.85,101
09:19,379,385.6,377.2,380.45,47
09:20,380.5,389,380.5,388.1,41
09:21,386.85,394.9,385.05,394.9,26
09:22,396.7,415.6,396.7,407.85,512
09:23,408.45,413.1,408.45,411.7,14
09:24,411.75,423.85,410.5,418.75,51
09:25,422.5,426,414.45,414.45,57
09:26,414.9,416.65,410.55,412.85,61
09:27,415.25,420,412.3,420,65
09:28,421.55,424.1,418.35,419.35,57
09:29,420.25,423.95,418.05,423.7,17
09:30,423.5,431.35,423.5,431.35,65
09:31,429.55,435.6,425.75,425.75,24
09:32,430,440.15,430,439.95,60
09:33,440.35,447.15,439.75,443,25
09:34,442.5,445,438.45,442.35,60
09:35,445,445.6,432.8,435.5,12
09:36,430,436.2,429.95,434.7,15
09:37,438.4,438.4,431.45,431.45,7
09:38,434.2,438.6,434,436.85,33
09:39,438.5,442,438.5,441.5,16
09:40,438.35,441,436.85,437.6,19
09:41,436.55,449.3,436.5,448,66
09:42,445,445,439.65,440.8,93
09:43,442.25,448,440,448,42
09:44,448,449.6,444,445.85,40
09:45,446,450,443.8,445.1,72
09:46,447.45,455.1,447,450.3,33
09:47,448.2,458.2,447.25,455.4,35
09:48,454.8,456,452.4,455.8,31
09:49,457.35,457.35,454.2,457.2,14
09:50,455.75,460,455.5,455.5,38
09:51,451.55,454.95,449.5,449.5,23
09:52,446.8,450.45,446.8,450.45,5
09:53,447.6,449.9,443.05,446.05,32
09:54,447.5,449.95,446.8,446.8,4
09:55,445.95,447.4,444.45,444.45,26
09:56,441.65,443,428.4,430.3,41
09:57,429.1,429.85,429.1,429.5,10
09:58,427.8,428.2,424.5,427.85,27
09:59,427.55,434.75,425,433,9
10:00,434.7,434.7,429.1,429.1,6
10:01,429.1,433.85,427.4,428.55,32
10:02,425.9,425.9,421.3,421.55,24
10:03,421,421,415,417.95,38
10:04,415.15,415.15,404.6,404.6,36
10:05,401.35,408.65,401.35,407.05,24
10:06,409.65,416.2,409.1,416.05,21
10:07,415.35,430,415.35,430,66
10:08,430.5,430.5,423.75,426.85,14
10:09,431.75,442.25,431.75,442.25,13
10:10,440.4,440.4,428.05,429.2,60
10:11,428.15,428.65,425.1,426.4,76
10:12,427.05,427.1,418.5,421.7,15
10:13,422.4,426.75,422.4,424.65,34
10:14,423,428.8,423,427.4,70
10:15,429.2,433.7,427.9,428.6,58
10:16,427.4,427.65,425.1,425.1,5
10:17,427.95,429.15,424.85,426,65
10:18,425.3,425.3,420,420,19
10:19,420.2,425.6,420.2,425.6,5
10:20,430,430,430,430,2
10:21,431.35,436,430.5,436,50
10:22,433.45,440,433.45,440,6
10:23,435.1,436,435.1,435.1,4
10:24,433.45,433.45,422.55,423.6,17
10:25,420.3,420.3,415.1,416.5,17
10:26,412.75,422.15,412.75,419.25,18
10:27,419.85,420.5,418,418.05,5
10:28,418.65,419.5,417.6,419.4,5
10:29,420.65,422.3,419.5,422.3,5
10:30,423,423,423,423,2
10:31,428.35,429.65,425.05,425.05,12
10:32,428.2,429.65,425,425.05,23
10:33,420.1,420.1,415.1,415.15,5
10:34,416.85,418.8,416.1,416.1,3
10:35,416.1,416.1,415.1,415.1,12
10:36,414.4,414.4,409.6,412.05,17
10:38,413.85,414.4,413.35,413.35,4
10:39,412.9,419.65,412.9,419.65,2
10:40,420,426,420,426,39
10:41,425.7,430,425.1,426.85,73
10:42,429.1,429.15,425.1,425.1,6
10:43,422.75,424.1,422.7,424.1,3
10:45,423.95,424.85,423.95,424.8,8
10:46,424.5,424.5,415.05,416.55,88
10:48,410.9,412.1,407.5,407.5,12
10:49,410.45,411.2,397.4,397.4,42
10:50,398.5,400.8,390.65,394,77
10:51,393.55,393.7,392,392,19
10:52,393.15,396.15,393,396.15,24
10:53,396.5,398.9,396.5,398.9,3
10:54,400,405,400,404.55,16
10:55,405.5,408.5,400,400.6,43
10:56,405,405,404.45,404.45,2
10:57,408.2,419.5,408.2,416.4,47
10:58,414.2,421.7,414.15,421.7,6
10:59,423.65,433,422,433,13
11:00,432.15,433,425.1,426.5,28
11:01,425.1,430.45,423.5,428.8,36
11:02,423.2,426.55,423.2,424,16
11:03,422.3,426.8,422.3,426.8,2
11:04,426.8,434.6,426.8,434.6,3
11:05,431.1,433.4,431.05,433.05,8
11:06,431.8,432.45,430.1,430.1,4
11:07,430.55,432.5,430.1,432.15,16
11:08,431.4,431.4,430.95,430.95,2
11:09,429.65,429.65,415.1,415.1,16
11:10,415.9,416.8,405.1,405.1,14
11:11,401,401,390,390,90
11:12,388.85,392.45,378.15,378.6,138
11:13,377.95,383.2,375.6,383.2,132
11:14,383.8,389.3,380.95,381.05,30
11:15,380,384.75,379.75,381.55,85
11:17,388.25,392.05,385.6,390.75,21
11:18,392.15,392.55,386.15,389.25,29
11:19,388,388.4,381.5,381.5,10
11:20,382.9,386.5,382.9,385.05,6
11:21,380.5,380.5,375.45,375.45,19
11:22,375.65,377.75,372.35,374.1,29
11:23,374.4,375.85,345.6,346.1,128
11:24,336.2,343.45,336,336,107
11:25,335.65,340.5,330.85,335.9,158
11:26,336.95,344.45,335,339.15,44
11:27,338.9,346.3,336.75,339.6,72
11:28,339.6,348.5,339.6,344.9,57
11:29,345,351.4,344.9,349.4,13
11:30,347.8,363,346.8,363,94
11:31,361.9,369.85,357.25,361.15,73
11:32,366.55,375,366.55,372.4,62
11:33,370.1,373.9,369.85,369.9,16
11:34,368.65,371,365.1,371,22
11:35,372,396,371.65,395.6,90
11:36,393.95,393.95,378,378,22
11:37,375.45,380.4,375.1,377,31
11:38,377.25,377.25,373.15,373.15,7
11:39,377.7,377.7,370.1,370.1,21
11:40,368.85,372.95,358,360.15,96
11:41,364.95,374.9,364.95,374.5,53
11:42,376.2,378.45,370.1,371.45,31
11:43,376.9,382.15,375.55,382.15,30
11:44,380.55,386.85,380.4,383.65,28
11:45,381.55,386,377.4,385.7,8
11:46,384.6,388,383.4,386.2,20
11:47,383.4,383.4,373.7,373.7,71
11:48,376,378.25,375.75,378.25,6
11:49,374.9,380,374.9,380,2
11:50,379.2,379.5,374.6,376.2,90
11:51,378.95,379.4,376.25,377.1,25
11:52,374.5,374.9,369.55,374.45,97
11:53,373.15,375.7,373.15,375.7,16
11:54,374.6,374.6,366.75,367,151
11:55,367,368.55,364.65,368.55,25
11:56,370.95,371.4,370.95,371.35,3
11:57,369.95,369.95,369.15,369.15,2
11:58,367.55,368.7,365.1,365.1,13
11:59,363.6,364.65,360,363.45,27
12:00,364.8,373,362.4,373,14
12:01,371.55,372.2,371.4,372.2,41
12:02,376.15,377.65,374.05,377,13
12:03,375,376.1,375,376.1,8
12:04,375.35,379.35,375.25,379.35,10
12:05,380,385,380,383.5,15
12:06,382.5,382.55,380.6,381.85,10
12:07,377.9,377.9,374.05,374.05,15
12:08,375.6,381.2,375.6,381.2,14
12:09,377.95,377.95,377.95,377.95,2
12:10,378.25,380.5,376.75,378,33
12:11,377.9,382,377.9,380.55,9
12:12,381.35,381.35,377.85,377.85,2
12:13,377.85,378.9,377.85,378.1,8
12:14,378.85,383.1,378.7,383.1,11
12:15,373.05,376.85,373.05,376.85,14
12:16,376.5,378.75,373.05,377.95,14
12:17,381.9,385,381.9,385,13
12:18,388,391,385,385,29
12:19,384.45,385.9,380,380.2,131
12:20,381.35,386.25,380.75,381.35,28
12:21,381.1,381.7,379,379,10
12:22,376.6,380.25,376.1,380.25,58
12:23,378.5,378.5,374.5,374.5,16
12:24,372.8,372.85,369.05,369.05,14
12:25,372.5,378.35,371.95,378.35,11
12:26,380,380,373.1,373.1,16
12:27,372.05,372.8,370,370.6,5
12:28,374.3,375.1,374.3,375.1,2
12:29,377.2,378.55,371.45,371.45,8
12:30,373.4,377.7,373.4,377.7,12
12:31,376.9,386.2,376.7,386.05,27
12:32,386.65,388.25,386.65,386.95,7
12:33,384.9,385.65,383.05,383.05,23
12:34,382.5,387,382.4,387,13
12:35,384.75,384.75,378.05,381.05,30
12:36,378,378,374.55,374.85,37
12:37,374.2,378.65,372.6,378.65,47
12:38,377.55,377.55,361.75,362.1,54
12:39,361.6,361.6,358.05,358.75,41
12:40,357.9,363,350.95,352.85,116
12:41,354.4,357.6,354.4,356.65,13
12:42,355,355,349,354.25,90
12:43,350.15,352.6,348.7,349.1,112
12:44,352.75,357,351.15,355.5,41
12:45,353.95,356.9,349.2,350.7,46
12:46,353.05,355.4,351.25,355.4,39
12:47,358.05,358.05,354.75,354.75,10
12:48,355.95,357.9,355.8,357.1,14
12:49,355.7,357,355.65,355.65,5
12:50,360,361.5,357.9,361.5,36
12:51,362.1,371.2,362.1,371.2,25
12:52,371.4,371.7,368.25,369.95,28
12:53,370,370,358.45,358.45,4
12:54,359.95,361,356.25,361,21
12:55,361,362.45,352.85,356,42
12:56,356.3,359.7,356.3,358.65,28
12:57,357.55,358.6,352.15,355.7,62
12:58,357.65,360.15,357,359.4,15
12:59,357,358.9,355,355,10
13:00,357.9,358,355,358,4
13:01,358.6,365,358.6,365,16
13:02,365.05,365.05,360,364,16
13:03,364.55,370.4,362.3,370.4,23
13:04,360.05,360.05,360.05,360.05,1
13:05,360.05,360.05,359.35,359.35,4
13:06,364.95,367.8,364.95,366,5
13:07,368.65,372.3,367.05,370.65,16
13:08,369.75,370.65,369.75,370.65,3
13:09,373,373,369.75,370,4
13:10,371.45,372.6,370.95,371.3,10
13:11,370.05,373,369.45,372.2,25
13:12,369.35,369.35,366.25,368.1,11
13:13,369.5,372.5,369.5,372.5,19
13:14,376,377.4,374.45,374.45,4
13:15,370.85,370.85,366.4,366.4,21
13:16,367.8,368.7,367.5,367.95,10
13:17,366.9,366.9,363.65,363.65,5
13:18,366.95,367.85,364.9,367.85,30
13:19,368.55,374.65,368.1,373.45,21
13:20,373.6,382.15,373.6,378.6,31
13:21,387,390.65,380,380,53
13:22,382.45,388.2,381.5,388.2,9
13:23,388.3,390.8,384.85,385.5,17
13:24,386.5,390,383.05,383.45,15
13:25,384.8,386.7,381.55,381.7,25
13:26,380.95,382.5,379.85,379.85,19
13:27,375,375,369,370.95,22
13:28,367.95,368.05,362.1,368.05,30
13:29,369.55,373.85,369.55,370.2,15
13:30,370.2,370.2,362.9,363.95,15
13:31,365.5,370.45,365.5,369.5,14
13:32,368.15,370.05,367.55,370.05,8
13:33,370.5,370.5,365,365.5,5
13:34,367,369,367,367.05,11
13:35,370,372.5,366.8,367,8
13:36,367.9,367.9,365.25,367.5,9
13:37,367,370.05,367,370.05,9
13:38,368,368,364.7,364.7,5
13:39,368.95,371.4,368.4,368.4,5
13:40,369.25,369.95,366.55,366.9,14
13:41,366.85,366.95,355,355,19
13:42,354.35,357.9,353,357,12
13:43,359.45,359.8,356.5,357.35,31
13:44,357.35,360.15,356.5,360.15,10
13:45,363.9,368.9,363.35,365,65
13:46,366,366,361.25,361.25,51
13:47,364.05,366.4,364.05,366.4,23
13:48,364.9,368.15,364.85,365.9,11
13:49,366,367.9,366,366.5,16
13:50,365,365.8,365,365.8,2
13:51,366,366,365.75,365.85,3
13:52,359.75,363.55,359.75,363.55,14
13:53,363.35,363.35,362.25,362.25,3
13:54,357.35,369.95,355.25,369.95,29
13:55,370,373.65,370,371.25,8
13:56,374,380.25,374,376.65,30
13:57,376.95,387,376.7,384.35,33
13:58,382.95,383.7,378.45,379.85,13
13:59,378,378,375.65,377.9,90
14:00,376.55,380.3,375.8,380.3,21
14:01,382.35,385,377.7,377.7,40
14:02,379.7,383,379.7,383,18
14:03,383.75,410,383.75,410,160
14:04,410.25,420,408.9,412.55,71
14:05,411.55,416.35,407.05,415.8,93
14:06,416.6,416.6,411.75,412.85,43
14:07,411.1,413.2,398.5,398.85,172
14:08,402.55,409.2,401.1,405.45,39
14:09,405.75,409.9,403,405.4,20
14:10,404.85,411.25,404.85,411.25,13
14:11,408.9,412,408.45,411.35,20
14:12,407.5,411.45,406.65,411.45,5
14:13,411,411,409.6,409.6,6
14:14,414.2,414.2,409.75,413.3,23
14:15,413.95,415.55,409.9,409.9,71
14:16,408.95,408.95,396.75,397.65,54
14:17,407.75,410.6,407.1,410.6,12
14:18,412,432.65,412,425.05,355
14:19,425.8,427.35,417.7,417.7,29
14:20,419.35,425.05,419.35,424.6,12
14:21,423.5,424.2,418.15,419.55,21
14:22,422,422.15,412.45,413.15,64
14:23,408.6,411.35,394,394,59
14:24,391.55,391.55,358.5,358.55,123
14:25,357.25,357.25,333.45,346.3,161
14:26,349,352.85,337.75,346.45,225
14:27,347.8,351.25,343.5,349.9,520
14:28,350.85,365,349,359.2,598
14:29,356.35,362,353.3,358.75,89
14:30,360,366.3,358,359.4,42
14:31,359.55,365.8,357,365.8,31
14:32,365,365,355.55,362,41
14:33,366,372.25,363,363,171
14:34,362.3,364.55,355.65,358.05,504
14:35,357.9,363.7,354,361.6,26
14:36,361.6,363,358.75,359.35,30
14:37,359.7,364.95,358.1,361.65,53
14:38,361.95,370,359.9,365.05,45
14:39,361.9,364.8,361.8,363.9,27
14:40,363.6,366.5,361.5,361.5,31
14:41,363.15,363.2,357.9,358.9,41
14:42,359.55,362.2,351.55,353.35,629
14:43,353.15,353.85,347.65,351.4,445
14:44,352.25,357.2,350.05,356,208
14:45,357.25,363.85,353.6,360.2,145
14:46,360.1,365,356.15,365,50
14:47,365.05,365.85,358.85,360.45,24
14:48,362,366,358.35,363.95,85
14:49,365.05,365.05,359.25,361.55,61
14:50,360.75,373.7,360.75,372,125
14:51,369,370.2,364.45,364.45,13
14:52,361.75,362.75,360.75,362,59
14:53,361.85,363.35,358.15,358.2,30
14:54,358.8,360,355.9,360,167
14:55,359,360.15,357.8,360.15,54
14:56,362.1,365,360.7,364.3,55
14:57,368.4,369.8,365.95,367.75,17
14:58,373.6,391.45,373.6,387,335
14:59,393.2,396.7,378.4,382,106
15:00,384.3,415.95,384.3,415.95,349
15:01,415.5,434.45,415.5,434.45,322
15:02,436.75,436.75,410.15,413.15,139
15:03,412.35,422.75,412.35,419.6,277
15:04,421,422.8,410.1,415.1,139
15:05,418.65,424.95,418.65,421.05,81
15:06,421,422,408.1,408.1,39
15:07,406.7,407.6,398.9,406.5,72
15:08,405.8,409.95,404.25,404.25,80
15:09,405.2,407.55,404,404,32
15:10,405.3,406.75,390.35,392,89
15:11,391,394.2,387,389.9,102
15:12,390.55,390.65,385.2,388,271
15:13,389.95,394.8,387,387.1,182
15:14,387.2,389.4,381.8,385,180
15:15,384,384.75,369.15,369.2,379
15:16,367.2,376.6,367.2,376.35,246
15:17,375.35,377.05,374.25,374.8,60
15:18,376,376,373,374.5,50
15:19,373,373,367.2,369.2,171
15:20,368.95,371.05,367.7,371.05,60
15:21,372.45,374.65,370.8,374.35,197
15:22,374.05,374.1,371.85,374,147
15:23,374.05,374.05,372,373.15,85
15:24,373.3,375.8,371.3,374.65,79
15:25,376,380.75,376,379,127
15:26,379,379,372.5,374.5,183
15:27,375.25,375.35,371,371,129
15:28,371,371.85,365.45,366.5,311
15:29,368,371.8,367.6,371.8,64
09:15,406,418.5,383.1,405,274
09:16,406.15,410.7,396,404.85,213
09:17,402.05,410,398.15,404,161
09:18,401.55,405,385.8,387.3,80
09:19,385,390.95,380,387.9,257
09:20,387.6,395.4,386.75,386.75,172
09:21,388.4,396.1,388,393.35,37
09:22,393.6,397.9,388,388,57
09:23,388,392,385,385,41
09:24,387.6,400,386.5,397.85,148
09:25,397.3,407.45,390.7,391.1,217
09:26,391.2,396,390,394,55
09:27,392.2,394.9,390,390,29
09:28,390.35,393,389.55,391.55,9
09:29,393.2,395,386,388.05,38
09:30,387.3,391.3,376.7,377.6,139
09:31,378.85,390,377.75,389.85,103
09:32,389.55,395,388,391.4,92
09:33,393.5,397.45,392,392.35,52
09:34,393.45,402,392.1,395.25,123
09:35,393.35,395,385,385,65
09:36,386,390.35,384.2,385,24
09:37,388.05,388.5,378.95,380,71
09:38,380.7,380.7,372.5,375.15,109
09:39,376.8,378.6,373.75,377.35,56
09:40,376.1,376.2,367.45,372.1,169
09:41,372.15,378.15,371.4,378,55
09:42,380.95,390.45,380.95,385,159
09:43,384.95,385.75,379,380.9,54
09:44,380.9,380.9,375.15,380.05,16
09:45,375.6,375.75,369.9,375.15,109
09:46,375.15,375.45,365,365,118
09:47,369.1,370,365.9,367.6,122
09:48,367.35,367.35,360.8,364.5,115
09:49,365.8,372.15,365.65,372,106
09:50,372.15,375.5,366,375,66
09:51,372.15,376.1,370.7,374.25,83
09:52,373,374.65,370,371.4,68
09:53,370.8,371.3,354.2,362.4,284
09:54,362,365,360,360.55,175
09:55,360.45,360.9,353,354,229
09:56,353.45,354.45,348.7,350,625
09:57,349.95,355.25,349.45,354.65,92
09:58,354.65,354.65,348,348.4,87
09:59,347,347,342.15,344.7,192
10:00,344,344,331.45,340.6,1293
10:01,340.7,341.25,337,337.65,186
10:02,337.1,346.3,335.45,345.15,240
10:03,345.85,349.9,343.6,348.4,779
10:04,347.9,351.3,345.65,346.85,608
10:05,347.1,347.85,343,345,98
10:06,343,349.3,341.55,341.6,79
10:07,341,350.7,341,347.7,87
10:08,348.1,348.1,344,344,44
10:09,344.25,344.3,336.15,336.95,122
10:10,336.35,339.9,333.8,334,98
10:11,334.95,340.45,333.7,339.95,76
10:12,340.45,341,339.25,340.1,185
10:13,339.35,341,337.15,337.15,239
10:14,336.1,336.45,331.6,334.25,155
10:15,334.05,334.4,327.65,329.65,585
10:16,328.95,335,327.3,331.1,166
10:17,330.9,333.85,327.95,329.25,136
10:18,329.05,329.05,318.05,320.1,448
10:19,320.65,323.55,316.35,316.5,628
10:20,315.65,322.95,315.3,319.25,267
10:21,320.15,320.15,313.25,314.4,432
10:22,314.05,316.4,306.25,308,728
10:23,308,308,302,307,631
10:24,307.35,312,305,311.35,405
10:25,311.95,320.9,310.05,320.9,426
10:26,320.3,320.5,315,315.7,251
10:27,316.35,320,314,320,216
10:28,320,326.4,319.55,323.95,593
10:29,322.95,325,320.55,321.25,162
10:30,320.7,321.25,316.8,317.9,192
10:31,318.75,322.05,317.65,321.2,204
10:32,322,327.7,322,326.7,321
10:33,325.75,332.4,324.8,330.1,486
10:34,329.55,329.55,319.9,329.25,267
10:35,330,331.25,324,325.05,124
10:36,325.7,326.95,322.25,325.65,84
10:37,325.5,332.9,324.55,331.5,106
10:38,331.95,342.4,331,341.75,649
10:39,340.55,341.6,333,339,276
10:40,339.7,341.85,337.7,341.15,144
10:41,340.35,343.45,336.6,338.05,327
10:42,340,351,338.95,350.4,364
10:43,351,368.25,347.25,366.2,1049
10:44,366,367.9,361.75,363.9,560
10:45,360.7,367,349.75,366.9,349
10:46,367,368.2,355,355.55,247
10:47,357.15,357.15,348.1,348.1,337
10:48,347.2,352,343.65,351.85,170
10:49,351.8,355.95,349.7,349.7,92
10:50,351.3,353,347.15,352,61
10:51,353.85,358.05,352.15,355.65,258
10:52,355.15,355.4,351.05,354,78
10:53,354,355.55,348,348,64
10:54,348.1,348.15,340.4,347.4,187
10:55,347.75,352,343.9,347.7,166
10:56,347.1,351,345.9,349.2,62
10:57,348.35,352,347.75,352,80
10:58,352.15,355,346.15,346.15,92
10:59,349,350.45,347.15,349.95,15
11:00,348.95,348.95,337.2,339.95,206
11:01,341.4,349.05,340.65,346.6,310
11:02,343.7,346.6,342,346.6,167
11:03,346,350.2,342.7,343.45,130
11:04,343.45,346.85,343.45,345.5,90
11:05,344.2,344.3,339.2,339.75,266
11:06,341,345,341,343.25,19
11:07,343.35,346,340.1,340.1,57
11:08,341.9,342.85,340.25,340.3,52
11:09,342.4,342.4,332.25,333.7,145
11:10,334.35,334.5,327,333.05,303
11:11,332.6,338.15,332.5,332.5,133
11:12,333.1,335.3,327,327.65,333
11:13,328.65,329,323.2,325,516
11:14,325,325.95,314.55,314.55,270
11:15,313.25,319.5,309.05,318.85,453
11:16,318.1,320.85,311.2,312.4,216
11:17,313.8,315.6,311.65,311.65,109
11:18,314.85,319.35,312.75,315,109
11:19,315.55,317.35,314.7,317.35,77
11:20,317.15,318.05,314.05,318.05,129
11:21,318.05,319.55,316,316.35,436
11:22,316,318,314.8,318,113
11:23,318.15,324,316.75,319.9,293
11:24,320.85,326,319,323,281
11:25,323.65,328.6,323.6,328.6,198
11:26,327.8,330.15,325.7,328.05,173
11:27,326.1,327.75,323.45,323.9,130
11:28,322.65,324.4,320,320,140
11:29,320,325,319.35,324.45,152
11:30,323.1,326.2,319,326.2,118
11:31,326.45,327.9,321.9,327.3,203
11:32,328,329,326,326.55,124
11:33,328,333.45,326.55,330.35,123
11:34,330,337.1,328.75,336.35,254
11:35,336.65,341.8,333.8,337.3,551
11:36,336.9,340.35,331.55,333.05,226
11:37,331.75,341,331.7,332.25,144
11:38,334,335.15,329.75,330.75,119
11:39,330.3,333.75,328.1,329.85,98
11:40,329.85,330.85,322.85,325.05,297
11:41,325.15,329,323.8,326,44
11:42,326.6,328.3,324.55,324.55,93
11:43,324.35,327.55,321,321,191
11:44,321.8,324.8,316.35,317.65,156
11:45,319.05,320.35,312.3,317.25,403
11:46,317.25,321.85,316.35,316.35,198
11:47,316.35,318.85,314.2,318.8,67
11:48,319,319.45,315,319,101
11:49,319.75,320,314.25,315,166
11:50,315.15,318.45,313.25,318,121
11:51,318.2,320.6,318,318,84
11:52,321,324,319.1,324,120
11:53,324,328.45,323.85,326,179
11:54,326.75,328.9,325.4,328.9,66
11:55,329,331.5,326.75,331.2,96
11:56,331,333.35,326.6,327.55,236
11:57,327.5,327.55,319.15,320.25,162
11:58,321.85,323.45,311,311,155
11:59,311.35,314.65,309.8,309.9,270
12:00,310.15,313.65,306.6,312.1,230
12:01,312.75,316.4,310.1,311,237
12:02,310,315.05,309.1,312.35,105
12:03,312.9,315.7,311.25,313.3,58
12:04,313.35,315.75,313.3,315.1,71
12:05,315.15,315.15,309.6,311.75,82
12:06,312.5,312.85,308.5,310,89
12:07,310.55,310.65,302,303.4,182
12:08,301.7,306.45,300.45,301.25,467
12:09,300.35,302.25,292.1,295.5,929
12:10,294.8,301.85,294.8,297.75,273
12:11,297.55,306.75,297.5,304.2,410
12:12,305.1,306.05,301,303.55,321
12:13,303.7,307.75,303,305.05,170
12:14,305,313.8,304.65,309.2,584
12:15,309.95,312.95,303.8,307,235
12:16,306.65,308.65,303.1,308.5,238
12:17,307.65,309.85,306.95,309,119
12:18,308.15,313.5,307.8,310.85,141
12:19,311,311,306,307.65,92
12:20,306.4,309,306,309,86
12:21,309,311.3,307.9,311.3,108
12:22,311,313,308,309.75,324
12:23,309.6,318,309.6,310.1,297
12:24,310.9,310.9,299.55,300.7,401
12:25,301.75,307.2,301.75,305,91
12:26,305,308,305,308,47
12:27,308,309.6,303.4,306.2,115
12:28,307.2,319.55,307.2,318.6,298
12:29,320,324.7,318.4,321.15,263
12:30,321.1,321.1,308.35,312.6,242
12:31,309.45,311.9,304.95,305.4,132
12:32,305.9,305.95,302,303.75,197
12:33,303,304.65,302,304.65,249
12:34,304.6,304.65,301,304.6,140
12:35,303.9,303.9,300.35,301.1,76
12:36,300.35,302,297.55,297.55,232
12:37,297.85,299,291.2,293.05,340
12:38,292.6,301,291,300.05,251
12:39,301.2,301.2,297.95,299.45,100
12:40,299.5,307.7,299.4,307.3,327
12:41,306.95,309.95,303.7,309.05,193
12:42,307.95,310,306.9,310,107
12:43,311,316.9,310.75,314.6,319
12:44,313.2,314.3,309.6,312,87
12:45,311.75,312.8,310.1,312.75,151
12:46,312.8,314.7,311.05,313.6,89
12:47,313.75,313.85,308,311.1,134
12:48,311.3,313.75,309.6,309.6,239
12:49,309.8,311,307.8,309,45
12:50,308.2,308.4,305.85,306.45,212
12:51,307.25,312.15,305.55,305.65,67
12:52,306.5,309,306.5,309,25
12:53,309.15,310.4,306.15,306.3,32
12:54,306.9,316.95,306.9,316.65,214
12:55,315.65,318.8,312.6,313.1,290
12:56,313.45,317.05,312,315.95,97
12:57,315.2,316.65,313.65,314.5,42
12:58,314.5,316,313.15,314.85,60
12:59,313.15,316,313.15,315.85,53
13:00,315.4,317.55,311.85,314.7,99
13:01,314.65,320.85,314.65,318.4,147
13:02,318.6,328.4,318.6,328.25,351
13:03,327.2,330.3,324.75,325.95,317
13:04,325.3,327.5,320.7,325.9,121
13:05,325.6,325.65,318.85,324.6,151
13:06,322.5,324.15,321.25,321.8,54
13:07,322.7,322.7,318.25,320.15,56
13:08,320.6,322.95,320.55,322.95,71
13:09,320.6,321.85,317.25,320,58
13:10,320,322.35,319.25,322.35,35
13:11,321.9,322.3,316.05,316.05,92
13:12,316,316,313.15,314.5,135
13:13,314,316.55,311.25,315,310
13:14,314,314.35,310.6,310.8,108
13:15,310.1,311,309,310.55,132
13:16,311,313.05,308.85,310.2,128
13:17,309.85,310.75,305.5,310,139
13:18,310,312.15,308.55,308.55,116
13:19,308.8,312.75,308.8,310.35,80
13:20,310.9,314.5,310,313.35,292
13:21,314.5,314.5,311,312.85,56
13:22,312.25,316.7,312,315.5,148
13:23,315.95,321,315.95,318,402
13:24,318.7,321.1,316.45,321.1,60
13:25,320.9,321.7,316.85,320.4,53
13:26,319.4,319.95,312.3,312.7,114
13:27,314.15,314.7,310.3,310.3,53
13:28,310.15,314,309.2,313.2,69
13:29,314.3,321,314.3,320.5,127
13:30,320.4,321.25,316.2,321.15,303
13:31,322,324.95,317.5,318.75,125
13:32,318.65,322.45,317.65,322.25,47
13:33,322.7,328.2,320,320,207
13:34,319.2,321.4,314.1,315.15,121
13:35,313.65,316.15,306.7,309.4,520
13:36,308.85,313.25,308,308.35,173
13:37,308.35,311.6,298.5,301.15,330
13:38,301.25,301.55,292.5,294.45,266
13:39,295.3,300.35,295,299.4,102
13:40,298.55,303.65,298.5,301,147
13:41,302.5,303.75,299.8,301.9,149
13:42,301.9,306.9,301.25,304.85,231
13:43,303.55,306.5,302.55,306.2,83
13:44,306.5,310.8,305,305.8,229
13:45,306.75,308.35,305.85,308.35,96
13:46,308,313.4,306.15,312.15,158
13:47,312.65,313.15,306.7,308.1,123
13:48,308,308.9,304.2,305.9,94
13:49,305.55,308.75,304.2,308.75,252
13:50,307.8,310.75,307,307,77
13:51,307,309,305.5,307.15,38
13:52,308,310.05,307,307,43
13:53,306.65,308.55,306.65,308.55,19
13:54,308.9,309.05,307,309.05,62
13:55,309,312,307.8,308.5,116
13:56,307.65,308.5,306.5,308,34
13:57,308.5,310,307.5,310,19
13:58,310.7,312.7,310.25,311.85,123
13:59,311.3,311.3,308,310,65
14:00,310.15,318.2,310.15,318.2,124
14:01,318,318.35,312,313.15,134
14:02,311,311.1,308,308.4,40
14:03,309.05,310.1,305.5,306.7,115
14:04,306.2,306.2,301.75,304,233
14:05,304.9,310.05,304.9,308.4,98
14:06,307.45,307.45,302.75,303,80
14:07,302.15,305.7,300.25,303.5,265
14:08,305.3,306.5,300.1,300.1,36
14:09,300,302,296.1,296.1,148
14:10,296.35,298.5,295.2,296.35,187
14:11,296.35,297,292.45,293.7,491
14:12,294,294.8,288.6,291.9,261
14:13,292,293,288.15,290,163
14:14,291,295,290.55,295,141
14:15,295,296.8,292,294,283
14:16,293.8,297.9,293.4,297.4,170
14:17,298,299,295,297.15,124
14:18,297.75,299.8,294.7,298,79
14:19,298,302,298,301.1,184
14:20,300.4,302,295.8,296.4,166
14:21,297,297.95,295.05,295.9,63
14:22,296.7,299.55,295.95,298.5,59
14:23,300,302.05,297,299.85,103
14:24,299,299,295,295.05,36
14:25,295.4,296.25,293.7,294,103
14:26,294.6,298.1,293.3,295.6,66
14:27,294.9,298.7,294,298.7,60
14:28,299,300.05,298.25,299.6,77
14:29,299.9,305.85,299.9,302.95,179
14:30,304,308,300.25,303.9,343
14:31,303,307.9,302.65,304.75,120
14:32,304.75,308.8,304.55,305.5,169
14:33,304.85,309.95,303.8,307.35,95
14:34,308,315,307.95,314.45,242
14:35,314,316,310,316,222
14:36,314.1,319,312.15,319,178
14:37,318.7,320.85,314.1,320.75,282
14:38,321,327,319.3,324.55,393
14:39,324,331.65,323.15,331.65,488
14:40,331.7,341.8,326.9,336.35,559
14:41,336.9,338.65,323,324.2,541
14:42,323,325.25,314.55,315.55,233
14:43,315.35,321.55,313.15,317.3,152
14:44,314.75,318.4,312.85,315.1,116
14:45,314.75,317.45,312.4,314.05,110
14:46,314.4,317,309.6,310.25,441
14:47,311.8,319.9,311.8,316.6,167
14:48,317.4,319.85,315.2,315.65,65
14:49,316.25,322.6,316.25,322,57
14:50,320.45,321.7,315.95,317.55,86
14:51,318.1,321.8,317.45,317.45,62
14:52,318.4,319.55,315.95,317.15,189
14:53,318,318,307.05,312.7,218
14:54,311.9,313,306.7,311.15,180
14:55,311.95,316.5,310.35,312.55,107
14:56,312.6,313.6,307.7,307.7,85
14:57,306.6,313.95,306.6,312.2,120
14:58,311.55,312,304,306.15,150
14:59,307.95,310.1,298.95,303.85,337
15:00,303,321.25,288,312.9,888
15:01,313.9,315,304.5,309.6,164
15:02,309,319,307.65,314.55,186
15:03,313.9,313.9,305.15,311,164
15:04,309.25,312,306.75,311.9,145
15:05,312.3,314.5,309.7,314.5,156
15:06,313.95,322,312.7,316.3,233
15:07,316.65,319.45,314.25,318,324
15:08,320,323,319.35,320.3,201
15:09,318.6,324.05,318.55,321.05,207
15:10,322.35,322.35,314.7,317.3,215
15:11,318.1,319.9,313.05,313.85,188
15:12,312.35,315,310.1,312.85,238
15:13,313.65,313.8,306.9,313.65,363
15:14,314,315.65,310.65,314.3,110
15:15,315.7,317.15,307,308.1,428
15:16,308.1,314.05,307.3,312.5,160
15:17,312.6,317.2,312.45,316.05,89
15:18,314.9,321,314.15,318.45,154
15:19,319.6,319.6,313.05,318.35,201
15:20,317.9,320,315.7,317.15,252
15:21,318,319,316.5,317.85,154
15:22,317.75,319.1,313.2,319,456
15:23,318,318,308.35,311.2,237
15:24,310.3,312,308.1,311.8,172
15:25,312.05,317.6,311.3,316.05,218
15:26,315.95,318.5,315.1,316.25,295
15:27,317.2,317.95,312.45,316.5,495
15:28,315.6,319.95,314.6,319.55,481
15:29,319.75,320,314.15,316.8,407
09:15,268.85,268.85,232.7,245.45,1982
09:16,244.6,256.3,244.05,247.2,1648
09:17,246.7,250.75,243.3,245.4,1224
09:18,245.9,249,242.4,243.85,503
09:19,243.45,244.05,236.55,237.75,733
09:20,237.95,238.55,228.5,228.5,1341
09:21,228.85,230.8,223.7,229.95,1457
09:22,229.95,235.95,227.6,233.85,1282
09:23,233.9,234.4,216.35,217.15,2319
09:24,217.4,218.3,213.6,215.75,1833
09:25,215.55,220.8,212,219.7,1352
09:26,220.3,221.25,218,219.25,876
09:27,219.05,222.15,214.3,215.25,822
09:28,214.95,220.45,212.8,219.85,511
09:29,219.05,222.35,218.75,221.5,800
09:30,222,223.5,215.6,219.95,914
09:31,219.5,221.75,215.65,217.4,448
09:32,217.25,217.8,211.4,212.55,1019
09:33,212.7,214.65,207.05,212.5,1644
09:34,212,218.2,210.6,214.9,1425
09:35,215.35,215.5,210.35,214.1,532
09:36,214.35,215.1,205.45,205.7,1291
09:37,206.3,206.5,201.75,206.4,1991
09:38,205.95,207.8,201.4,201.5,1658
09:39,201.7,202.75,200,200.55,1209
09:40,200.3,204.5,199.5,201.05,1375
09:41,201.1,202.15,197,198.05,1339
09:42,197.5,200.95,194.95,198.65,1539
09:43,197.6,200.25,197.6,198.45,783
09:44,198.85,201.15,196.75,200.6,1112
09:45,200.15,201.3,198,199.2,1019
09:46,198.55,203.75,197.5,200.8,1392
09:47,200.7,204.15,200.2,201.45,1192
09:48,200.5,205.45,199.5,202.1,1362
09:49,202.1,203.9,200.3,203.15,540
09:50,203.05,206.25,202,203.85,817
09:51,204,206.55,202.05,204.3,662
09:52,203.75,206.4,201.45,206,516
09:53,205.45,207.95,203.3,206.25,912
09:54,205.1,207,204.5,206.65,778
09:55,206.15,208,205.1,205.4,993
09:56,205.4,207.4,203.2,207.4,752
09:57,207.4,209.7,203.75,208.55,1416
09:58,208.3,209.85,205.55,208.75,944
09:59,208.65,209.8,206.4,209.3,935
10:00,209.25,213.6,208.45,211.8,1378
10:01,211.85,213.85,211.3,212.8,1126
10:02,212.3,216.5,212,216,2158
10:03,216.2,223,215.7,221.8,3337
10:04,221.45,221.95,215.05,215.05,1470
10:05,215,223.45,213.45,223.4,1800
10:06,223.1,236.9,221.6,231.55,5552
10:07,231.55,237.75,231,237.75,1688
10:08,237.7,246.9,237,246,3725
10:09,245.9,248.8,230.6,231.6,1803
10:10,231.65,235,227.3,227.55,1346
10:11,228.15,232.85,225.9,228.7,1009
10:12,228.75,231.75,225.9,226.6,710
10:13,227.95,243.4,227.4,242.8,1294
10:14,242,257.95,239.7,257.15,3748
10:15,256.6,260.9,245,245.7,2793
10:16,245.4,257.65,243.7,256.3,1965
10:17,257,264.55,255.45,256.8,2876
10:18,256.55,257,246.45,246.9,1020
10:19,248.35,252,244.85,245.2,695
10:20,244.8,246.8,239.9,244.85,907
10:21,245.25,246,232.45,238,970
10:22,237.7,243.7,236.25,238.9,543
10:23,239.8,244,237.2,239.1,395
10:24,240.55,242.7,235.75,236.5,505
10:25,235.9,239.85,233,237.1,1570
10:26,236.6,240.6,236.6,240,1885
10:27,239.85,240.95,235.4,236,1214
10:28,236.15,236.4,225.55,226.55,858
10:29,227.2,233.55,224,232,949
10:30,231.7,238.95,231.3,238.8,693
10:31,238.75,244,238,240.85,1000
10:32,240.55,246.75,233,244.8,1049
10:33,244.35,246.7,239.2,239.45,1015
10:34,239.1,244,238.3,242.8,662
10:35,242.95,244.4,234.75,236,684
10:36,236.05,236.05,231,232,712
10:37,231.45,233.9,227.65,229.05,747
10:38,230,231.8,225.2,225.85,420
10:39,225.9,227.85,223.95,224.3,635
10:40,223.75,230.4,223.75,226.8,576
10:41,226.2,231.6,226,229.65,818
10:42,228.9,230,226.95,230,202
10:43,229,230.3,227.8,229.05,171
10:44,229.05,232.5,224.45,225.9,801
10:45,225.45,228.1,222.35,227.55,640
10:46,227.3,234.45,225.8,232.4,1013
10:47,232.75,232.8,225.55,229.75,700
10:48,230.05,232.95,227.35,231.5,664
10:49,231,232.2,228.95,230.4,115
10:50,230.4,230.4,226.4,230,244
10:51,230.1,231.85,228.1,228.1,488
10:52,228.25,231.2,225.3,228.6,297
10:53,228.3,231.95,227.05,231.05,264
10:54,231.3,233.15,227.5,232.55,566
10:55,231.95,235.3,229.5,230.25,609
10:56,230.2,231,228.5,229.2,197
10:57,229.5,232.65,227.55,232,282
10:58,231.9,232.1,230,231.15,228
10:59,231.6,232.65,229.2,230,204
11:00,229.9,233.3,228,230.9,520
11:01,230.35,232.8,229.05,230.85,283
11:02,231,237.8,231,234.1,777
11:03,233.55,234.35,226.1,229.3,330
11:04,229.8,234.05,229.3,231.3,146
11:05,230,231.8,227.6,230.1,215
11:06,231.8,237.2,231.25,233.15,399
11:07,232.75,235.3,231.05,232.45,536
11:08,231.6,237,230.8,235.7,218
11:09,235.7,239.7,234.05,238.8,701
11:10,238.3,244.5,237.35,242.3,927
11:11,241.75,245.15,237.75,238.65,1827
11:12,239.15,241.6,235.15,238.85,2053
11:13,238.25,243,236.3,239.25,1369
11:14,239.65,239.65,231.6,232.85,470
11:15,233.4,236.35,231.25,232.9,277
11:16,231.9,238.15,230.3,238.05,236
11:17,237.5,241,235,237.65,375
11:18,236.55,238.1,233,235.7,217
11:19,235.05,241,235,237.25,394
11:20,237.25,240.35,235.7,238,261
11:21,237.85,241.15,235.45,240.4,194
11:22,240.4,245,240,242.4,639
11:23,241.6,248.95,241.6,244.8,851
11:24,245.75,245.75,238.25,239.45,692
11:25,239.55,240.7,237.5,238.15,341
11:26,237.8,249.9,237.15,249.75,801
11:27,249,250.45,244.5,248.3,925
11:28,248.7,252.2,242.65,250.5,842
11:29,250.15,252.9,247.05,250.05,585
11:30,250,253.4,248.9,252.35,782
11:31,252.1,256,249.1,250.9,962
11:32,250.65,256,250.2,254.7,366
11:33,255,256,247.05,247.7,492
11:34,248.45,251,246.3,248.8,611
11:35,248.4,260.2,248.35,255.35,1123
11:36,255.2,258.7,252.9,256,815
11:37,255.35,256,251.25,253.2,259
11:38,252,262,250.9,260.25,639
11:39,260.15,263.2,255.55,261.25,663
11:40,261.9,265.75,259.8,262.8,874
11:41,263.8,267.9,262.95,263.5,608
11:42,264.15,264.15,260,260.2,315
11:43,260.4,261,251.85,253.4,842
11:44,253,258.4,252.45,253.8,468
11:45,253.7,254.4,249.75,251.6,424
11:46,251.95,251.95,243.95,247.8,552
11:47,247.65,253,247,251.95,444
11:48,251.6,251.9,247.2,250.05,269
11:49,249.7,250.65,245.7,247.35,250
11:50,247,247.75,245,245.45,209
11:51,245.5,247.45,241.65,243.15,401
11:52,243.5,243.5,238,240.7,687
11:53,240.8,241.45,236.5,237.45,321
11:54,237,241.45,235.35,240.4,648
11:55,239.75,241.5,235.5,237.5,312
11:56,237.05,238,231.35,234.1,777
11:57,233.35,237.15,232.95,235,368
11:58,234.65,238.9,233.3,235,513
11:59,234.75,236.6,232.85,236.6,448
12:00,235.15,236.3,233,234.35,174
12:01,233.75,234.15,230.4,231.05,360
12:02,231,231.95,228.15,230.95,625
12:03,231.25,232,220.35,221.2,1047
12:04,221.85,227.65,221.2,226.2,618
12:05,226,228.2,223.5,227,524
12:06,227.4,229.15,224.7,226.6,336
12:07,225.9,228.75,225.05,226.8,293
12:08,227.75,228,224.4,225.9,228
12:09,226,226.7,222.6,226,346
12:10,225.35,228.45,224,225.05,346
12:11,225.9,228,225,227.35,363
12:12,227.75,228.5,225.6,228.45,201
12:13,228.5,229.5,224.4,226,326
12:14,225.5,225.8,220.05,220.55,585
12:15,220.45,226.7,217.65,224.9,1302
12:16,224.35,225.75,222.35,222.5,318
12:17,222.4,223.05,215.05,215.8,749
12:18,215.95,217.35,205,209.2,1642
12:19,209.45,211.5,207.6,211.5,957
12:20,210.75,214.7,210.55,213.1,769
12:21,213.3,216.9,213.3,215.1,657
12:22,215.6,216.5,208.75,208.75,506
12:23,208.75,211.95,208.5,211.5,397
12:24,211.35,212.65,208.4,212.2,592
12:25,212.1,212.4,209.45,210,424
12:26,210.85,211.75,206.95,207.85,431
12:27,207.8,208,204.15,205.8,743
12:28,205,206.3,202.6,203.35,831
12:29,204.1,205.45,202.7,203.25,691
12:30,203.8,207.9,203.5,207.5,622
12:31,207.95,211,206.6,209.05,529
12:32,209,212,208.2,211,571
12:33,211.1,213.75,210.95,212.8,697
12:34,212.8,212.8,209.3,209.85,335
12:35,210.1,210.6,208,209.85,277
12:36,209.6,209.6,205.9,206.6,309
12:37,208.4,209.65,205.2,209.55,689
12:38,209.15,213.5,203.55,203.65,793
12:39,203.55,203.55,197.15,200.9,2493
12:40,200.65,202.3,198,201.2,1043
12:41,201.2,205,201.1,202.65,581
12:42,202.55,207.55,201.45,206.2,567
12:43,206.05,215,205.35,214.3,835
12:44,214.25,215,211.15,212.65,718
12:45,213.1,217.6,207,207,1190
12:46,207.75,208.3,203,204.9,803
12:47,204.1,210.8,203.85,208.8,621
12:48,209.4,210.1,206.8,208.35,548
12:49,209,209,205.55,207.3,235
12:50,207.15,209.1,207.15,208.3,259
12:51,208.9,212.85,208,212.2,577
12:52,210.95,213.55,209,210.4,382
12:53,210.75,213.7,209.95,213,259
12:54,212.45,212.7,208,211.3,451
12:55,211,214.35,211,213.4,332
12:56,213.15,216,212.45,215.45,424
12:57,215.3,217,214.2,215.05,525
12:58,215.4,216.4,213,213.8,304
12:59,214,218.55,214,216.45,632
13:00,216,219.35,214.2,215.25,733
13:01,215.2,218.5,206.3,208.3,1284
13:02,209.55,209.75,206.05,209.45,759
13:03,209.85,212.7,208.2,209.8,568
13:04,209.5,210.05,208,208.85,263
13:05,208.85,210.85,204.9,205.6,492
13:06,206.6,206.6,201.9,204.05,1052
13:07,204,204.6,201,202,762
13:08,201.65,202.5,198.3,199,1005
13:09,198.55,200.3,198.5,200.05,560
13:10,200.2,203.55,199.8,200.8,909
13:11,200.85,201.5,196.7,197.35,661
13:12,197.65,199.45,195.15,198.9,639
13:13,199.2,200.45,195.4,199.55,594
13:14,199.55,200.9,196.05,197.4,538
13:15,197.2,198.6,195.1,198.1,513
13:16,198.7,199.25,192.5,194.35,1249
13:17,194.4,197.05,194.2,196.5,422
13:18,196.5,198,193,195.75,556
13:19,195.1,195.75,192.9,194.2,591
13:20,194.05,198.5,193.5,198.5,505
13:21,198.5,199.95,196.65,199.2,1037
13:22,199,199.4,194,197.4,580
13:23,197.4,197.55,195,196.3,293
13:24,196.1,196.5,194.05,195.1,425
13:25,195.85,198.4,195.3,197.5,424
13:26,197.9,198.5,194.9,197.95,425
13:27,197.7,197.95,195.95,197.8,251
13:28,197.35,200.7,196.35,200.5,464
13:29,199.75,201.75,198.4,201.1,705
13:30,201.8,204.7,200.7,202.5,1153
13:31,203,203.75,198.65,200.35,809
13:32,200.25,202.2,199.4,200.55,463
13:33,200.4,202,199.3,200.6,324
13:34,200.4,201.35,197.7,198.75,441
13:35,198.5,198.95,191,193.5,1225
13:36,194.1,201,193.55,201,993
13:37,201,209,200.85,208.5,1893
13:38,207.8,207.8,202.4,203.25,1310
13:39,202.9,203.7,199.7,201.3,776
13:40,201.25,202.7,198,202.25,643
13:41,202.4,204.05,199.6,201.05,511
13:42,201.25,202.95,200.4,202.2,192
13:43,202,204.3,201.05,202.9,309
13:44,202.6,206.25,202.1,204.3,750
13:45,204.1,205.85,202,202.05,406
13:46,201.8,204.6,200.5,203.8,406
13:47,204.25,205.75,203.6,204.3,587
13:48,204.55,210.55,204.2,209.5,957
13:49,209.75,210.6,201.7,204.1,802
13:50,203.8,204.5,199,199.5,942
13:51,199.4,201.45,197.7,200.45,681
13:52,200.65,201.8,199,199.45,192
13:53,199,201.75,198.1,200.7,280
13:54,200.45,203.3,199.95,203.3,232
13:55,202.65,203.8,200.6,200.6,264
13:56,200.8,202.55,199.5,201.1,162
13:57,200.35,204.6,200.35,202,309
13:58,202.1,203.7,200.5,203.55,139
13:59,203.4,203.9,200.4,200.5,368
14:00,200.95,205.8,198.3,198.5,698
14:01,199.4,199.4,193.55,194.95,1105
14:02,195.15,196.3,193.45,194.9,604
14:03,194.8,198.55,194.5,196.45,449
14:04,196.7,197.3,194.5,196.45,194
14:05,195.45,195.9,190.5,192.4,864
14:06,191.7,197.75,191.7,196.1,542
14:07,195.55,199.75,192.8,199.75,463
14:08,198.65,199.45,196.15,197.4,329
14:09,198,198.75,196.1,197.05,321
14:10,196.85,199.25,196.5,199.1,600
14:11,198.55,200,196.4,198.2,522
14:12,198.3,198.8,197,197.3,149
14:13,197.05,199,196.4,196.65,283
14:14,196.8,200.6,196.35,200,533
14:15,200,203.85,199.8,202.1,1318
14:16,202.2,202.7,195.25,196.7,1132
14:17,196.3,201.55,195.2,199.85,687
14:18,199.75,199.75,197.05,197.65,125
14:19,197.4,198,193,195.65,826
14:20,196,197.35,194.4,197.35,266
14:21,197.4,198.6,190.05,192.7,1292
14:22,192.7,193.8,183.7,187.6,1915
14:23,187.6,188.2,177.4,180,2696
14:24,179.5,186.1,178.8,184.95,2149
14:25,185.1,189.2,185,186.4,1822
14:26,186.7,190.85,185.7,189.45,865
14:27,189.6,194.7,188.6,188.6,1605
14:28,189.2,191.9,187.15,191.25,679
14:29,192,194.4,190.6,190.85,561
14:30,190.2,192.15,186,188.7,1012
14:31,188.35,188.7,184.5,186.3,878
14:32,185.7,186.85,181.1,183.5,1077
14:33,183.7,188,183.25,185.65,762
14:34,186,189.4,185.75,187.95,543
14:35,187.45,192.2,187.45,189.25,990
14:36,189.1,191.65,186.3,187.9,662
14:37,187.45,187.5,181.25,182.05,1089
14:38,182.4,183.9,176,177.7,1914
14:39,177.75,177.75,169.5,170.45,2728
14:40,169.55,171.15,166.25,167.1,2293
14:41,167.25,167.9,162.1,163.3,2250
14:42,163.35,172,163.3,170.7,2007
14:43,170.65,171.5,164,167.4,1725
14:44,166.95,170,166,169.45,894
14:45,169.7,172.05,169,170.3,1597
14:46,170.55,172.5,166.6,168.1,1405
14:47,168,168,162.9,163.4,1934
14:48,162.65,167.3,159.75,166.35,3388
14:49,166.3,168.1,165,166.9,1145
14:50,166.8,168.85,166.2,167.9,952
14:51,167.65,169,165.5,167.3,1063
14:52,167.3,169,165.4,167.8,594
14:53,167.75,169.65,165.5,168.05,642
14:54,168.05,169.7,160.1,163.6,1980
14:55,163.5,168.15,163.45,167.95,1088
14:56,167.95,170.45,164.25,166.85,1349
14:57,167,167.3,164.3,164.9,578
14:58,164.95,167.3,164,164,489
14:59,164.1,164.3,156,163.85,2936
15:00,163.25,172,158.05,168.25,5063
15:01,167.85,171.55,165.65,170.5,2063
15:02,170.6,172.3,164.2,167.45,2059
15:03,168,169.7,165,166.6,853
15:04,166.8,169.7,164,169.1,1148
15:05,169.45,170.35,166.05,166.35,1306
15:06,166.25,167.15,163.15,164.75,1045
15:07,164.8,168,164.05,166.65,1312
15:08,166.75,168,162.1,163.1,1374
15:09,163.55,167.25,163,166.6,1184
15:10,166.7,170.65,166.5,169.75,1804
15:11,169.45,169.8,164.9,164.9,1145
15:12,164.5,167.35,163.05,165.5,987
15:13,165.5,169.1,165.05,169.05,1019
15:14,168.7,170.75,167.35,168.6,1323
15:15,169,172.1,168.7,170.8,1969
15:16,170.85,171.95,168.5,170.55,1147
15:17,170.1,171.5,168,170.4,984
15:18,170.2,173.25,169.2,172.55,1218
15:19,172.6,177.85,172.4,176.95,2427
15:20,177.1,177.5,172,172.4,1974
15:21,172.45,176.05,170.8,174.9,1267
15:22,174.95,175.65,171.25,172.15,1092
15:23,171.9,172.1,170,171,616
15:24,171.15,172.05,168.7,170.95,978
15:25,170.95,175,170.15,173.25,1548
15:26,173.7,174,169.95,171.75,1303
15:27,171.7,172.05,170.3,171,808
15:28,170.75,171.7,169.3,169.8,1801
15:29,169.45,171.5,168,169.85,2409
